start	end	text
0	7860	In 2007, there was this company called Steren, and they took out this massive full-page advertisement in The Economist.
8060	9360	Which is not cheap, by the way.
9440	10700	No, definitely not cheap.
10920	12580	And it was not subtle at all.
13060	19920	They basically invited all the world's most prestigious scientists to London to witness this demonstration at a museum.
20520	23700	And the claim was that they had built this machine called Orbo.
23980	25360	Right, the infamous Orbo.
25360	29380	Yeah, and they claimed it produced free, limitless energy.
30040	36240	Like, they were essentially promising to rewrite the fundamental laws of thermodynamics right there on a public stage.
36320	37600	It was incredibly bold.
37720	38200	Super bold.
38420	43660	So the cameras are rolling, the scientific jury is seated, the anticipation in the room is just, you know, electric.
43840	47200	And then, live on stage, the machine just sat there.
47240	48400	Just a heavy paperweight.
48660	50220	Literally did absolutely nothing.
50320	51480	The whole thing failed completely.
51480	55040	I think they blamed the heat from the stage lights or something.
55180	58420	Yeah, thermal expansion of the bearings, which is a classic excuse.
58700	58880	Right.
59380	71840	And so the scientific jury eventually issued this very polite but unanimous verdict that basically said, you know, there is zero evidence of anomalous energy production happening here.
71960	77440	It was just one of the most spectacular, highly funded scientific embarrassments of the 21st century.
77440	83440	It really is the ultimate cautionary tale because, you know, the people who built that machine, they weren't just running a conscious scam.
84240	84840	You don't think so?
84980	85240	No.
85380	88340	I mean, they genuinely believed they had cracked the code of the universe.
88600	94220	They believed in it enough to risk total public humiliation in front of the entire scientific establishment.
94220	102020	And that profound disconnect, right, between absolute certainty and physical reality, that is exactly where we are heading today.
102140	104000	So welcome to today's Deep Dive.
104040	105240	We have a lot of ground to cover.
105460	106140	We really do.
106340	111320	We are looking at a massive and, I mean, highly detailed comprehensive dossier.
111920	115140	It was compiled by an independent researcher known as Flyxion.
115140	121800	And for the next hour or so, we are embarking on a forensic breakdown of a century's worth of fringe physics.
122020	123160	Which is just a wild ride.
123460	124000	Oh, it is.
124100	131100	We are talking flying saucers, zero-point energy, perpetual motion machines, anti-gravity, all of it.
131240	137760	But, you know, our mission today is much deeper than just pointing at a failed machine in a London museum and laughing.
137960	138240	Right.
138380	141100	We are here to uncover the anatomy of a claim.
141100	145680	We really want to understand the architecture of these impossible ideas.
145900	152000	Like, why do genuinely brilliant engineers, people with advanced degrees, fall into these traps?
152140	152560	Exactly.
152760	162280	So we are going to guide you through the specific methodological errors, the psychological blind spots, and the whole myth-making machine that keeps these legends alive decade after decade.
162680	169600	And we will also explore a really fascinating alternative lens provided by our author, an idea they call entropic gravity.
169600	171160	Yeah, which is mind-blowing.
171500	172100	So settle in.
172160	181160	We promise you a shortcut to becoming insanely well-informed on everything from Nikola Tesla's supposed death ray to the hardcore physics of why you literally cannot walk through walls.
181240	189260	So to understand these grand sweeping claims about zero-point energy or alien technology, we actually have to start incredibly small.
189400	190560	Like garage-level small.
190560	191460	Exactly.
191700	195920	We have to look at the wires, the dials, and the multimeters on a workbench.
196500	203180	Because the deepest, most complex rabbit holes almost always start with a very human, very mundane error.
203960	204980	A misread gauge.
205240	209160	I love this part because we just assume tools are completely objective.
209320	214560	Like a multimeter gives you a crisp digital readout, so it must be the absolute truth.
214660	214840	Right.
214960	216800	It's got numbers on a screen, so it's math.
216800	217440	Exactly.
217880	224920	So let's look at this classic example that has dominated hobbyist free energy forums since, like, the 1980s.
225420	226240	The Bedini motor.
226440	226780	Oh, yeah.
226900	227440	John Bedini.
227580	227780	Right.
228020	235100	He claimed you could use a pulsed switching circuit to charge a secondary battery using less energy than that secondary battery ends up storing.
235480	240200	So the idea is you run the motor, you swap the batteries back and forth, and boom, eventually you have infinite power.
240200	252900	Which sounds great until you actually look at how batteries work, because the illusion of free energy with the Bedini setup stems almost entirely from a fundamental misunderstanding of battery chemistry, and specifically how you measure it.
252960	254120	Okay, break that down for us.
254420	260120	So when a builder tests this setup, they usually look at the primary battery's coarse voltage sag.
260640	266240	That is, how much the voltage drops while it is actively under the load of running the motor.
266380	268160	Right, it's working hard, so the voltage dips.
268160	278580	Yes. Then they compare that to the secondary battery's open-circuit voltage recovery after it gets hit with a series of very rapid, high-voltage, pulsed charges.
278920	285320	So to put this in everyday terms for you listening, imagine you are driving a car up a really steep hill.
285600	286460	Okay, good analogy.
286720	291040	The fuel gauge might momentarily slosh backward, or the engine temperature spikes.
291180	291400	Mm-hmm.
291580	294120	You are basically taking a reading under extreme duress.
294260	294500	Right.
294500	298480	But then you park the car, you let it sit, and the gauges settle back to normal.
299180	307920	If you compare the stressed reading to the rested reading, you might actually trick yourself into thinking the car miraculously generated its own fluids while it was parked.
308300	310100	That captures the dynamic perfectly.
310520	319680	A battery's terminal voltage, which is just the number you see on a basic multimeter, well, it recovers much faster than its actual internal chemical state of charge.
319680	322560	So it looks full, but it's not actually full.
322900	323440	Exactly.
323720	328820	And this is especially true when you are slamming the battery with short, sharp spikes of current.
329100	336460	A standard voltmeter looks at that high-voltage pulse, sees the resting voltage bounce up, and it looks like a miracle.
336660	337720	But it's just surface level.
337720	352000	Completely, because if you put that exact same Bedini circuit through a rigorous calorimetric test, where you basically enclose the battery in an insulated water bath and measure the actual physical heat dissipated, the math changes.
352420	355560	Or if you just carefully integrate the current over a long time, right?
355560	361160	Yes. If you do either of those things, the so-called extra energy completely vanishes.
361600	366320	The overunity is just an artifact of how pulsed charging tricks a simple voltmeter.
366580	368680	It is absolutely not new physics.
368840	375040	And that specific trap, the whole pulsed waveform tricking a standard meter thing, it is everywhere in these fringe communities.
375180	378300	Like, it is the beating heart of Stanley Meyer's famous water fuel cell.
378340	379600	Oh, the dune buggy guy.
379600	390820	Yes. Meyer claimed he could split water into hydrogen and oxygen using just a tiny fraction of the energy it conventionally takes, and then use that gas to run a literal dune buggy.
391520	396380	And Philip Kanarev made really similar claims about this hyper-efficient electrolysis.
396500	399240	But we really need to anchor this in thermodynamic reality.
400180	406880	Splitting one mole of water into hydrogen and oxygen requires a fixed thermodynamic cost.
406880	410020	It's roughly 286 kilojoules.
410300	411800	And that's just a rule of the universe.
412140	416840	It is a hard chemical boundary dictated by the actual strength of the molecular bonds.
417280	419200	Water molecules do not negotiate.
419520	421300	I love that. They do not negotiate.
421480	426960	They don't. It does not matter how clever your circuit is or how you shape the electrical pulse hitting the water.
427080	428280	You have to pay the toll.
428620	432720	But Meyer's whole defense, right, was that he wasn't using brute force direct current.
432720	438980	He claimed he was using what he called resonant pulses to somehow shatter the water molecule at its natural frequency.
439220	441940	Right, trying to bypass that 286 kilojoule limit.
442140	442520	Exactly.
442840	443000	Yeah.
443040	445320	And he had the gauges to prove his input power was tiny.
446100	453140	He even took this all to court in 1996, though, spoiler alert, he was ultimately found guilty of gross and egregious fraud.
453360	453560	Yeah.
454280	457840	But how did his instruments lie to him so convincingly in the first place?
457960	460980	Well, it comes down to metrology, which is the science of measurement.
460980	467780	When you generate a highly complex, non-sinusoidal pulsed waveform, like a sharp needle pulse of voltage,
468020	474060	you cannot measure the power it delivers with just a standard, average-reading multimeter from the hardware store.
474240	478540	I actually want to pause here for a second because I think most people, including myself until very recently,
478660	481880	assume a voltmeter just, you know, counts the electrons passing through.
482460	484520	Why does the shape of the pulse break the meter?
484520	491840	So most off-the-shelf multimeters are designed to read standard alternating current, like what comes directly out of your wall socket.
492060	492200	Okay.
492420	495520	And a wall socket provides a smooth, continuous sine wave.
495900	500980	To give you a readable number on the screen, a cheap meter just assumes the wave is a perfect sine shape,
501380	506600	it measures the peak, and it multiplies it by roughly 1707 to give you an average.
506600	507840	Oh, so it's doing a mass shortcut.
508240	509140	Yes, exactly.
509640	512540	But Stanley Meyer wasn't using smooth waves.
512780	516940	He was using sharp, jagged spikes with these long pauses in between.
517700	522240	When you feed a sharp needle pulse into a meter that's expecting a smooth rolling wave,
522760	525820	the meter's internal math completely breaks down.
525900	527220	It just doesn't know what to do with it.
527280	527520	Right.
527620	530520	It vastly underestimates the total area under the curve.
530520	537900	To measure a complex pulse, you need specialized equipment that calculates the true root-mean-square, or RMS, power.
538080	540620	And I'm guessing Meyer didn't use an RMS oscilloscope.
540780	541780	He did not.
542200	548980	But when electrical engineers finally analyzed Meyer's cells and Karnarov's cells using proper RMS oscilloscopes,
549200	551240	the illusion shattered entirely.
551620	556360	The actual power being delivered by those sharp spikes perfectly matched standard thermodynamics.
556360	561340	The revolutionary efficiency was literally just a math error inside a cheap tool.
561600	562600	That is just wild.
562720	566060	You can build a decades-long mythology off an uncalibrated tool.
566200	567780	It happens more often than you'd think.
567860	568420	I believe it.
568660	571720	But we also see a totally different flavor of this with mechanical generators,
572240	576620	like Paramahans-Otori's space power generator, or Bustapalma's end machine.
576960	578360	Right, the homopolar generator.
578460	581340	Yeah, these were massive, spinning metal disks,
581340	589180	and they claimed the generator was outputting way more electrical power than it actually took to physically spin the shaft.
589300	594820	Which introduces a critical error in mechanical testing known as the motor input proxy.
595020	595900	Motor input proxy.
596100	596940	Okay, what is that?
597120	600480	Well, if you want to scientifically measure the efficiency of a generator,
600860	604800	you have to measure exactly how much mechanical energy is being put into it.
604800	611300	The rigorous way to do this is to install a physical torque sensor directly on the rotating shaft
611300	614020	that connects the driving motor to the generator.
614420	616440	So you're measuring the actual twist of the metal?
616580	619460	Yes, the physical twist and the speed of the metal shaft.
619620	624260	And I'm guessing Tiwari and De Palma didn't bother to buy a torque sensor.
624520	625140	They did not.
625460	630640	Instead, they measured the electrical power going into the electric motor that was driving the generator.
630640	635660	They used the motor's electrical input as a proxy for the mechanical output.
636180	637600	But motors aren't 100% efficient.
637860	639920	Like, they get hot, they hum, they vibrate.
640340	640940	Exactly.
641220	643300	Every single motor has conversion losses.
644040	648240	You have friction in the bearings, heat in the copper windings, electrical resistance.
648920	652600	By using the electrical input to the driving motor as their baseline,
653120	658180	they systematically hid the driving motor's own inefficiency from the final equation.
658440	659960	They just swept it under the rug.
659960	660760	Pretty much.
661340	664340	Furthermore, homopolar generators like De Palma's end machine,
664340	671360	they require liquid metal or heavy physical brushes to drag against the spinning disk just to pull the current off.
671640	672880	Which creates a ton of friction.
673060	673760	Immense friction.
674340	678720	So when independent laboratories properly accounted for the brush contact losses
678720	681340	and measured the actual physical shaft torque,
681880	684840	the so-called overunity disappeared instantly.
685000	686540	It's just a systemic blind spot.
686920	689700	You are measuring the system right where you want it to look good,
689700	694480	and ignoring the parts of the system that are secretly bleeding energy everywhere else.
694580	695100	Exactly.
695580	700280	And speaking of bleeding energy, we have to talk about Thane Hines and the Peripidia effect.
700620	702760	That went super viral online a while back.
702800	704220	Oh yes, the accelerating motor.
704220	709280	He had these videos showing an electric motor that actually accelerated,
709500	716300	like it visibly sped up when he applied a really heavy magnetic load to the generator it was driving.
716540	720780	And that feels completely impossible because it violates Lenz's law, right?
720940	722320	It absolutely violates it.
723020	725760	Lenz's law is foundational to electromagnetism.
725760	734220	It essentially states that the direction of an induced electrical current will always create a magnetic field that opposes the change that produced it.
734660	735380	Okay, so in English.
735940	740420	In simple terms, if you try to pull energy out of a generator, the generator pushes back.
740640	742120	It creates magnetic drag.
742540	744540	This isn't just a rule of thumb either.
744540	748660	It is a direct, unavoidable manifestation of the conservation of energy.
748820	751100	Right, because otherwise things would just spin out of control.
751220	751660	Exactly.
752240	755780	If induced currents reinforced a driving motor instead of opposing it,
756000	762120	a generator would spontaneously accelerate itself to infinite speeds, pulling infinite energy from nowhere.
762500	765600	So when a video shows a motor speeding up under a heavy load,
765780	768620	we have to look past the magnets and look at the motor controller.
769040	770840	The speed controller's feedback loop.
771040	772940	This blew my mind when I read it in the dossier.
772940	777660	It is a really well-documented artifact in the engineering of motor controllers.
778580	783700	When a heavy load induces a strong back electromotive force, or back EMF,
784160	787920	that messy electrical noise feeds backward through the wires,
788280	793580	and it can actually alter the feedback signal going to the electronic speed controller.
793880	795720	So it scrambles the brain of the machine.
795900	796260	Right.
796540	801040	The controller's microchip gets confused by the noise, it thinks the motor is stalling out,
801040	808680	and it compensates by drawing significantly more power from the wall socket to physically force the motor to spin faster.
809220	812460	So on video, it looks like the magnets are creating free energy,
812600	816660	but if you just looked at the wall outlet, you'd see the power cord getting incredibly hot.
817020	817540	Precisely.
817760	821360	If you put a simple wattmeter on the wall socket powering the whole setup,
821560	825960	you would see the power draw spike massively the exact moment the motor speeds up.
825960	828360	The generator isn't creating energy out of the vacuum.
828780	831960	The confused controller is just electronically opening the throttle.
832300	833740	It's just so simple when you break it down.
834400	836240	But before we move on from flawed measurements,
836480	839460	we have to talk about Bruce De Palma's spinning ball experiment.
839800	840300	Classic.
840640	842400	Yeah, because this wasn't an electrical trick.
842480	843600	This was purely mechanical.
845100	849100	De Palma took a steel ball, spun it up to incredibly high speeds,
849100	855880	and then launched it upward from this spring-loaded cup alongside an identical but non-spinning ball.
856420	859060	And he claimed the spinning ball went higher and fell faster,
859600	862740	proving that rotation somehow alters gravitational mass.
862740	869760	And this is a beautiful textbook example of a mechanical artifact being mistaken for entirely new physics.
870500	874300	When you place a rapidly spinning steel ball into a stationary launch cup,
874300	881380	you are introducing intense, frictional, and gyroscopic interactions during the crucial milliseconds of the launch sequence.
881660	884680	It's like a tire doing a burnout against the side of the cup.
884740	886780	That is a highly accurate comparison, yeah.
887000	891600	The spinning ball literally pushes off the inner wall of the cup differently than a stationary ball does.
891760	894120	It alters the exit velocity and the trajectory.
894500	896720	And let me guess, someone tested this properly.
897060	897560	They did.
897560	903120	When later researchers replicated this exact experiment using high-speed cameras
903120	908820	and perfectly controlled magnetic release mechanisms that completely eliminated the launch cup friction,
909240	910960	the effect vanished entirely.
911920	916620	Gravity treats a spinning mass and a non-spinning mass with absolute equality.
916860	923840	Okay, so we've established that garage-level metrology and hidden friction explain away a lot of these anomalies.
924040	925460	A vast majority of them, yes.
925460	928400	But what happens when the initial observation isn't a mistake?
929140	932920	What happens when an inventor reads a real paper on quantum physics,
933480	937300	sees a genuine phenomenon, and decides they can build a spaceship out of it?
937780	940480	This is where we hit the scale blindness epidemic.
940620	941720	It's a very common trap.
941880	944560	Taking a genuine microscopic quantum phenomenon,
944900	948840	and just assuming it works on a macroscopic human scale without doing any of the math.
948960	952100	Well, the word quantum has suffered a pretty terrible fate in popular culture.
952100	956520	In the realm of fringe physics, quantum functions as a linguistic wild card.
956660	957700	It just means magic now.
957960	958620	Essentially, yeah.
959200	968840	It provides inventors with a highly technical-sounding vocabulary to just arbitrarily bypass fixed thermodynamic laws and structural mechanics.
968840	974920	So let's tackle the ultimate sci-fi concept that gets thrown around in these circles, which is walking through walls.
975280	980460	You hear this a lot in fringe self-improvement or quantum mysticism circles.
980800	982220	And the pitch goes like this, right?
982940	984860	Atoms are mostly empty space.
985460	988300	We know that electrons can quantum tunnel through barriers.
988300	992260	Therefore, a human being is just a collection of tunneling particles.
992840	997020	And if you align your frequencies, you could technically phase through a solid brick wall.
997500	997800	Right.
998080	1002020	To dismantle this, we first have to explain why solid matter actually feels solid.
1002360	1004940	It is not because atoms are crowded like billiard balls.
1005540	1008820	Matter resists interpenetration due to two fundamental forces.
1008900	1009640	Okay, what's the first one?
1009640	1015500	The first is electrostatic repulsion between the electron clouds of the atoms in your hand and the atoms in the wall.
1015700	1020340	But the much stronger, truly unbreakable barrier is the Pauli exclusion principle.
1020740	1023920	Unpack the Pauli exclusion principle for me because that sounds intense.
1023920	1031600	It is a quantum mechanical principle stating that two identical fermions, so particles like electrons, protons, and neutrons,
1031780	1035360	they cannot occupy the exact same quantum states simultaneously.
1035640	1037000	They refuse to share the same seat.
1037440	1038000	Exactly.
1038000	1045740	When you press your hand against a wall, you are forcing the electrons in your hand into the same space as the electrons in the wall.
1046120	1054060	The universe aggressively forbids this, creating an incredibly stiff contact force called electron degeneracy pressure.
1054660	1057040	That is what solid actually is.
1057140	1058580	Okay, but electrons do tunnel.
1058920	1060060	Like, that is real physics.
1060540	1063780	Scanning tunneling microscopes literally rely on it to function.
1063920	1065840	Oh, quantum tunneling is absolutely real.
1065840	1075540	An electron behaving as a wave has a non-zero probability of appearing on the far side of a potential energy barrier that it classically does not have the energy to climb over.
1075640	1076860	It just pops out on the other side.
1076960	1077100	Right.
1077480	1082580	However, the mathematical probability of that happening is dictated by an exponential decay equation.
1083360	1085680	And the exponent is where the fantasy dies, doesn't it?
1085900	1087900	The exponent is everything here.
1087900	1093060	The probability drops exponentially based on the mass of the object and the width of the barrier.
1093700	1100600	When you calculate the tunneling probability for a single electron across a gap of a few nanometers, it happens frequently.
1100720	1100920	Sure.
1101080	1101840	Microscopic scale.
1101840	1115380	But when you substitute the mass of a single electron for the mass of an 80 kilogram human body, and you substitute a nanometer gap for the width of a standard brick wall, that exponent becomes so negative it destroys the mind.
1115720	1118200	How small of a chance are we actually talking about here?
1118480	1127840	The probability of a human body macroscopically tunneling through a wall has more zeros after the decimal point than there are elementary particles in the entire observable universe.
1127980	1128760	Oh my God.
1128760	1133380	Yeah. To call the chance vanishingly small is a comedic understatement.
1133900	1143900	If you had trillions of humans walking into walls trillions of times a second, it is an event that would not be expected to occur across the entire remaining lifespan of the universe until the last stars burn out.
1144340	1149280	You simply cannot scale up a subatomic probability to a macroscopic object.
1149720	1151540	Trillions of humans hitting walls.
1152120	1155140	But people keep trying to scale up the quantum world.
1155140	1163020	Let's talk about zero point energy, because the Casimir effect is basically the holy grail for free energy inventors.
1163240	1164360	It is brought up constantly.
1164560	1175820	Right. The idea is two uncharged metal plates placed incredibly close together in a perfect vacuum will actually attract each other, seemingly pushed together by quantum fluctuations in the empty space around them.
1175820	1180760	And the Casimir effect does prove that vacuum energy is a real physical phenomenon.
1181500	1187220	The plates do snap together, and in doing so, they perform a tiny, microscopic amount of physical work.
1187480	1188500	So there is energy there.
1188660	1195320	There is. But extracting that energy in bulk to run a city, or even a toaster, is a thermodynamic nightmare.
1195520	1197920	Because it's not just a battery you can plug into and drain.
1197920	1202260	Precisely. The Casimir effect represents a one-time shift in boundary conditions.
1202520	1205480	The plates snap together, releasing a minuscule amount of energy.
1206000	1212860	But to create a cyclical engine, an engine that runs continuously, you have to pull those plates back apart to reset the system.
1212980	1214040	Oh, I see where this is going.
1214280	1220800	Right. And pulling them apart against the vacuum pressure costs exactly as much energy as you just gain when they snap together.
1220920	1221960	It's a zero-sum game.
1221960	1233980	It is thermodynamically identical to saying a stretched rubber band is a source of limitless free energy because it violently snaps shut while totally ignoring the muscular energy you expended to stretch it in the first place.
1234140	1240200	The quantum vacuum is not a reservoir of fuel. It is a state. It owes you nothing.
1240700	1243520	The vacuum owes you nothing. That is such a great phrase.
1243520	1252820	And we see this exact same scale blindness with the anti-gravity claims tied to cold fusion and the infamous Pays patents.
1252940	1254160	Yes, the Navy patents.
1254280	1264880	Salvatore Pays, working as an engineer for the U.S. Navy, patented a theoretical craft that supposedly reduced its own inertial mass by vibrating a microwave cavity at incredibly high frequencies.
1265640	1272600	And the claim was that the intense electromagnetic fields would manipulate the local quantum vacuum and basically decouple the ship from gravity.
1272600	1276380	This is where we really have to talk about the stale gap in general relativity.
1276380	1283980	Let us grant, strictly for the sake of argument, that you could slightly manipulate the local vacuum energy inside a microwave cavity.
1284480	1289320	Or even that the anomalous heat claimed by cold fusion researchers actually exists.
1289420	1290540	Let's pretend it's all real.
1290680	1299320	Right. Even then, the scale gap between those microscopic energetic shifts and the macroscopic curvature of space-time is devastating.
1299320	1303340	Devastating how. Walk me through the math of space-time curvature.
1303940	1308440	So in Einstein's equations, energy density does act as a source term for gravity.
1308940	1315900	Mass and energy are equivalent, so a highly energetic box is technically infinitesimally heavier than a cold box.
1316000	1316720	Okay, that makes sense.
1316860	1320120	But the stiffness of space-time is unimaginably high.
1320120	1325220	It takes the mass of the entire Earth to create the 1g of gravity we feel right now.
1325820	1334780	The energy density you can access in a laboratory benchtop cavity or even a localized nuclear reactor is orders of magnitude, like billions upon billions of times.
1334980	1338400	Too small to register as a measurable change in gravitational mass.
1338460	1339480	The math just isn't there.
1339480	1343440	Not even close. You cannot point to a tabletop microwave cavity and say,
1344040	1347140	I am manipulating vacuum energy, therefore I have built a warp drive.
1347340	1351980	It is literally like splashing your hand in a bathtub and claiming you can redirect a tsunami.
1352140	1357780	You're taking a real phenomenon, energy curving space, and stretching it until it just snaps.
1358500	1361380	And we don't just see this in physics, right? We see it in fringe biology, too.
1362020	1364700	I was totally fascinated by the section on Philip Callahan.
1364880	1366380	Oh, the paramagnetic soil.
1366380	1373760	Yes. He claimed that paramagnetic soil, which is just soil rich in iron-bearing minerals, acted as a cosmic antenna.
1374380	1377820	He said it was channeling atmospheric energy to make plants grow faster.
1378420	1385100	He even built these weird, ancient-looking Irish round towers on farms to supposedly focus this cosmic energy.
1385480	1389660	Soil paramagnetism is a real, easily measurable physical property.
1389660	1397100	Materials with unpaired electrons in their atomic structure will temporarily align their magnetic moments with an external magnetic field.
1397300	1398420	Right. They respond to magnets.
1398640	1402180	But the key word is respond. They respond weakly to existing fields.
1402680	1408520	They do not act as antennas, they do not channel energy, and they certainly do not broadcast cosmic life force.
1408880	1412040	So why were the farmers who listened to him getting better crops?
1412600	1415760	Because they swore it worked. They were getting huge yields.
1415760	1426900	Because of a completely mundane confound. The iron-rich minerals that exhibit strong paramagnetism, like basalt, they usually originate from ancient volcanic ash.
1427500	1428400	Oh, oh I see.
1428460	1438780	Yeah. Volcanic soil is naturally packed with highly bioavailable trace minerals, and its coarse particulate structure vastly improves soil, drainage, and aeration.
1438780	1440260	So it's just really good soil.
1440500	1448900	Exactly. The soil on those farms was incredibly fertile because it was volcanic, not because it was acting as a magnetic antenna for cosmic rays.
1449000	1449780	That is hilarious.
1450200	1453400	And Vlael Kazna-Kaev. This is another amazing story from the dossier.
1453720	1457560	He was a Soviet researcher who claimed he had discovered mitogenetic radiation.
1457720	1458940	Right. The six cells.
1459060	1463380	Yeah. So he placed two sealed glass flasks of cell cultures next to each other.
1463380	1471220	He would infect one flask with a deadly virus, and a few days later, the cells in the completely sealed neighboring flask would also get sick and die.
1471540	1476400	He claimed they were transmitting disease via psychic biophotons passing through the glass.
1476640	1483340	And again, ultra-weak biophoton emission is a real documented byproduct of cellular metabolism.
1483880	1490440	When cells undergo extreme oxidative stress, they occasionally emit a photon as metabolic byproducts break down.
1490680	1491520	So there are photons.
1491520	1499720	Yes. But Kazna-Kaev's monumental claim that these sparse photons were transmitting complex viral information across a physical gap,
1500180	1505180	while it failed to account for a massive, mundane compound, chemical, volatile compounds.
1505300	1506800	Gases leaking between the flask.
1506940	1511260	Exactly. His flasks were sealed with standard laboratory stoppers.
1511540	1512640	They aren't perfectly airtight.
1512640	1519140	But when later researchers and Western labs tried to replicate the experiment, they used hermetically sealed glass ampoules.
1519640	1523240	They melted the glass shut so absolutely no gases could seep through.
1523460	1523980	And what happened?
1524260	1528000	When they did that, the mirror cytopathic effect completely vanished.
1528540	1536900	The six cells were simply exhaling toxic chemical distress signals that seeped through Kazna-Kaev's porous stoppers and poisoned the neighboring flask.
1536900	1541880	They were communicating through mundane chemical seepage, not quantum biophotons.
1542220	1548560	Okay, so if we can't measure our way to free energy, and we can't scale up quantum effects to build a warp drive,
1549100	1551480	what is left for the ambitious inventor?
1552180	1553420	We turn to brute force.
1553520	1554400	Brute force, yes.
1554460	1559500	The inventors who decide to just cheat the universe's ultimate accountants, which are the laws of conservation.
1559500	1569580	This brings us to the realm of closed system thrusters, devices that claim to generate forward thrust without expelling any mass or propellant out the back.
1569580	1577400	Right. We are talking about things like the Dean Drive from the 1950s, the famous M Drive from the 2000s, the NASICA's superconducting thruster.
1577940	1586160	They all claim that by spinning off-center weights or bouncing microwaves asymmetrically inside a copper cone or vibrating a magnet near a superconductor,
1586740	1588640	they can push themselves forward in space.
1588640	1591380	And the rule they are actively trying to break is absolute.
1591820	1594600	A closed system cannot move its own center of mass.
1595200	1600620	By Newton's third law, every internal force has an equal and opposite internal reaction force.
1600780	1604180	So if I push on the dashboard of my car, the car doesn't move forward.
1604520	1608880	Great. If you sit inside a cardboard box and push as hard as you can against the front wall,
1609220	1612780	your feet are pushing backward on the floor with the exact same amount of force.
1613320	1617440	The force is summed to exactly zero. You cannot push a car from the inside.
1617440	1620680	But wait. The Dean Drive was patented.
1621180	1624460	The M Drive was actually tested by NASA's Eagle Works Laboratory.
1625040	1629900	And they put it on a highly sensitive torsion scale, and the scale showed thrust.
1630380	1631280	The graph went up.
1631940	1635340	How do you explain the thrust if the physics says it's strictly impossible?
1635340	1640800	Friction and thermal expansion are the quiet, devastating explanations every single time.
1641480	1643980	Let's look at mechanical devices like the Dean Drive.
1644400	1648820	If you have an asymmetrical, violent vibration occurring inside a heavy box sitting on a table,
1649080	1651860	the downward force of the box is constantly varying.
1652020	1652680	Because it's shaking.
1652900	1656600	Exactly. It gets temporarily lighter and heavier against the table.
1657080	1661580	This varying normal force interacts with the static and kinetic friction of the tabletop.
1661580	1664900	Meaning it slips forward when it's light, and it grips the table when it's heavy.
1665220	1667900	Yes. It is a stick-slip friction drive.
1668460	1673760	It is fundamentally no different than a vibrating cell phone skittering its way off the edge of a desk.
1674160	1676860	In the vacuum of space, where there is no table to grip,
1676860	1680480	it would just vibrate in place forever, going absolutely nowhere.
1680480	1682660	And what about the NASA M-Drive tests?
1683560	1687840	Well, as the isolation of these experiments improved, the thrust approached zero.
1688620	1695660	A team of rigorous researchers at TU Dresden in Germany eventually tested the M-Drive in a state-of-the-art vacuum chamber.
1696120	1696900	And what did they find?
1697120	1704460	They discovered that the tiny micronewtons of thrust perfectly matched the thermal expansion of the copper mounting brackets holding the device.
1704460	1711680	As the microwave cavity heated up, the metal physically expanded, warping the center of gravity and slightly tilting the torsion pendulum.
1712180	1716400	It wasn't pushing against the quantum vacuum. The device was just bending under its own heat.
1716560	1719800	I feel like I have to step in here and just play devil's advocate for a second.
1720400	1724340	Because the romantic idea of science is that rules are meant to be broken.
1724740	1724980	Right.
1725140	1728440	Aren't conservation laws just historical rules of thumb?
1729000	1732200	We thought Newton was the final word until Einstein came along.
1732200	1737260	Why are physicists so violently defensive about the conservation of momentum?
1737460	1740580	Why couldn't an M-Drive just be the next paradigm shift?
1741040	1742900	That is a really profound question.
1743400	1750420	And to answer it, we have to talk about Nother's theorem, which was formulated by the brilliant mathematician Emmy Noether in 1915.
1751160	1756300	Albert Einstein actually relied on her mathematics to resolve issues in his own theory of general relativity.
1756600	1757120	Wow, okay.
1757620	1759060	Noether proved something astonishing.
1759060	1762820	She proved that conservation laws are not just empirical rules of thumb.
1763220	1765380	They are not just things we've noticed tend to happen.
1765860	1771780	Conservation laws are direct, inescapable mathematical consequences of the symmetries of space and time.
1771940	1773220	Unpack symmetry for me.
1773560	1775660	What does that actually mean in a physical room?
1775980	1782080	So, the conservation of momentum is mathematically identical to the translational symmetry of space.
1782080	1788320	Translational symmetry means that the fundamental laws of physics do not change depending on where you stand in the universe.
1788760	1799160	If you set up a billiards table in New York and strike the cue ball, the physics dictating how the balls scatter is identical to a billiards table set up in Tokyo or on the moon.
1799280	1801120	Okay, that seems incredibly obvious.
1801580	1802820	Space is just space.
1802820	1805520	It seems obvious, but the implication is massive.
1806080	1811660	Noether proved that because physics is the same here as it is there, momentum must be conserved.
1811820	1813520	You cannot have one without the other.
1813720	1814580	Oh, I see.
1814980	1822920	Yeah, if you claim to have built a microwave cavity that breaks the conservation of momentum, you are not just saying you found a clever engineering loophole.
1822920	1827440	You are fundamentally claiming that space itself is mathematically asymmetrical.
1827700	1833280	You are claiming that the laws of physics are different at the narrow end of your copper cone than they are at the wide end.
1833700	1833820	Wow.
1834060	1841000	So, to say the M drive works, you have to prove that a billiards table plays differently depending on which side of the room you push it to.
1841000	1854480	Exactly. To overturn a symmetry that has been confirmed from subatomic particle colliders all the way to the orbits of galaxies, all based on a microscopic measurement at the absolute noise floor of a thermal sensor in a laboratory.
1855240	1865640	Well, it inverts the burden of proof entirely. The math of the universe is deeply intertwined. You cannot pull a single thread without unraveling the whole tapestry.
1865780	1870760	And that mathematical rigidity applies to energy too, doesn't it? Let's look at magnetic motors.
1871680	1877120	The Yildiz motor, the Perendiv motor, Staorn's Orbo, which we talked about at the very beginning of the deep dive.
1877180	1877420	Yes.
1877840	1885700	These inventors arrange rare earth magnets on a wheel, angled in such a way that they supposedly push each other in a continuous, never-ending circle.
1885700	1891320	But static magnetic fields are conservative fields. This means they do zero network over a closed cycle.
1891920	1899760	Whatever kinetic energy it takes to force two repelling magnets together is perfectly, exactly balanced by the energy you get back when they push apart.
1899920	1900780	It cancels out.
1900780	1906600	It does. You cannot arrange static magnets into a waterfall that flows downhill forever. Eventually, the water has to go back up.
1906600	1910300	And that brings us back to Staorn's live public failure in London.
1910820	1915680	It does. They claim to have bypassed the conservative nature of magnetic fields.
1916080	1922020	They submitted to the scrutiny they asked for, and the universe's accountants remained gloriously undefeated.
1922020	1926840	It is a stark reminder that geometry alone cannot create energy.
1926840	1932360	But what about when the geometry does work? Because I want to talk about the Alcubierre warp drive.
1932360	1945520	Miguel Alcubierre, a real theoretical physicist, published a peer-reviewed paper proving that Einstein's field equations theoretically allow for a bubble of space-time to contract in front of a ship and expand behind it.
1945720	1949600	A literal warp drive that moves faster than light. That's real math.
1949600	1952500	The math works, but we really have to understand how it works.
1952940	1955720	General relativity is typically a forward-moving equation.
1956220	1961700	You input a specific arrangement of matter and energy, and the equations tell you how space-time will curve in response.
1961960	1968940	But what Alcubierre did, which is a completely valid exploratory mathematical exercise, by the way, was work the equations backwards.
1969080	1970140	He reverse-engineered it.
1970140	1985020	Yes. He started with the geometry he wanted, a moving warp bubble. He plugged that geometry into Einstein's equations, and then basically asked the math what kind of matter and energy distribution would be required to generate this specific shape.
1985240	1987180	And the math actually gave him an answer.
1987340	1993780	It did. The math said, sure, I can make that shape for you. Just bring me a Jupiter-sized sphere of negative energy.
1993860	1994580	Negative energy.
1994580	2003360	And that is the fatal flaw. It requires massive planetary amounts of negative energy density, which violates the weak energy condition of physics.
2004060	2009200	Nature does not let you draw a blueprint of a house and then magically invent a new type of wood to build it.
2009360	2011540	But haven't people updated his math since then?
2011540	2024540	They have. But even highly optimized, modern revisions of the warp drive math still require macroscopic configurations of exotic matter that no known quantum or classical process can physically produce.
2025340	2031060	The Alcubierre drive is a brilliantly solved equation that has been mistakenly embraced as an engineering blueprint.
2031060	2040140	Okay, what about James Woodward's Mach-Effect thruster? Because that is heavily funded, and it's grounded in real relativity, not impossible exotic matter.
2040360	2045700	Woodward's thruster is certainly more theoretically respectable than a permanent magnet motor.
2045700	2058060	It relies on a fluctuating mass effect derived from Mach's principle, which is the philosophical idea that local inertia is determined by the gravitational interaction with all the distant matter in the rest of the universe.
2058060	2061780	So the stars are literally pulling on us, creating our inertia.
2061780	2077420	Loosely, yes. But to extract the macroscopic thrust magnitudes that Woodward claims from his piezoelectric crystals, you have to read Mach's principle incredibly aggressively in a mathematical framing that most working theoretical physicists reject.
2077420	2079220	And does it actually work in the lab?
2079220	2093220	More damningly, on an empirical level, just like the M-Drive, as the test setups get more rigorous and heavily shielded, the measured thrust tracks closely with thermal expansion and electromagnetic interference artifacts.
2093220	2096320	Which perfectly transitions us into our next major question.
2096780	2107060	If the measurements are flawed, the scales are wrong, and the physics explicitly forbid these devices, how do these experiments keep producing positive results in the lab for their inventors?
2107560	2109560	Why do they genuinely believe it's working?
2109760	2109880	Right.
2110020	2114560	The answer lies in the epistemology of self-deception. We have to look at the observer.
2114560	2122960	To truly understand how a brilliant mind can essentially hallucinate data, we have to look at the cautionary tale of N-rays.
2123220	2126800	It is one of the most important moments in the history of the scientific method.
2126800	2133820	This is my absolute favorite story in the entire dossier. Paint the picture for us. 1903, France.
2134640	2142740	Prosper René Blondelot, a highly respected physicist, announces he has discovered a brand new form of radiation. He calls them N-rays.
2142880	2151600	Blondelot was a giant in his field, too. He detected these N-rays by watching a faintly glowing phosphorescent thread in a completely darkened laboratory.
2151600	2159360	He claimed that when he directed an invisible beam of N-rays at the thread using a special aluminum prism, the thread would glow slightly brighter.
2159680	2159820	Okay.
2159940	2169380	So he published his findings, and within a year, dozens of other prestigious French laboratories published their own peer-reviewed papers confirming they had also detected N-rays.
2169600	2175100	So you have independent confirmation. Science is working exactly as it should. Multiple labs are seeing the exact same thing.
2175100	2182800	It seemed perfect. Until an American physicist named Robert W. Wood traveled to France to visit Blondelot's laboratory.
2183780	2187520	Wood sat in the pitch-black room while Blondelot and his assistant ran the experiment.
2188200	2197400	The assistant was verbally calling out exactly when the thread got brighter and when it got dimmer, supposedly corresponding to when the N-rays were passing through the aluminum prism.
2197400	2200240	And then Wood does something just absolutely ruthless.
2200820	2208400	In the utter darkness of the lab, Wood quietly reaches out, grabs the crucial aluminum prism off the table, and slips it into his pocket.
2208700	2211460	He entirely breaks the optical path of the machine.
2211620	2212660	And what did the assistant do?
2212860	2216640	The assistant continued to flawlessly call out the brightness changes.
2217300	2219240	Ah, it is brighter now. It is dimmer now.
2219460	2223620	He was narrating the effects of a prism that was currently sitting in an American's pocket.
2223760	2224440	Oh, man.
2224440	2227360	It was pure, unadulterated expectation bias.
2227740	2228960	The N-rays never existed.
2229580	2233020	The assistant was seeing what he intensely expected to see in a dark room.
2233320	2235620	The screen went dark, metaphorically speaking.
2236680	2252580	I love that story because it proves that independent confirmation by dozens of other labs is completely worthless if all those confirming labs are using the exact same flawed, highly subjective, expectation-vulnerable methodology.
2252580	2255840	It is the ultimate proof that you must blind an experiment.
2256340	2260780	If you don't control the environment and blind the observer, you aren't measuring the universe.
2261080	2262720	You are just measuring your own psychology.
2262800	2266380	Which is exactly what John Hutchison did in Canada, the famous Hutchison effect.
2266540	2270800	A textbook example of an uncontrolled apparatus masquerading as a discovery.
2271560	2278800	Hutchison basically filled a garage with unshielded Tesla coils, Van de Graaff generators, and massive radio frequency transmitters.
2278800	2281300	And he essentially just turned them all on at once.
2281420	2283140	Just a chaotic mess of energy.
2283220	2283480	Yes.
2283960	2290980	And he claimed he caught on video objects levitating, thick metal bars fracturing, and strange jelly-like transmutations of metal.
2291100	2293160	But the catch was that it only worked sometimes.
2294160	2296720	He could never reliably reproduce it for scientists.
2296720	2302340	He blamed the ambient weather, or the power grid, or even his own personal mood on that specific day.
2302760	2309560	Well, when you flood a small room with multiple overlapping sources of extreme, uncontrolled electromagnetic fields,
2309780	2317880	you are going to generate incredibly complex standing waves, massive induced eddy currents, and violent arcing dielectric breakdowns.
2318300	2320120	So the physics is real, just messy.
2320260	2320780	Very messy.
2320780	2328040	Eddy currents interacting with strong, ambient magnetic fields can absolutely move or violently throw small metal objects.
2328380	2331020	Intense RF heating will melt or warp things.
2331440	2334600	Uncontrolled, high-voltage arcing will fracture metal lattices.
2335020	2341000	All of it is conventional, known physics, rendered completely chaotic by a terrible experimental setup.
2341120	2343180	So when he couldn't repeat it, he just blamed the weather.
2343360	2343600	Right.
2343600	2350400	When an effect only works sporadically, and the inventor requires vague environmental sensitivity to excuse failures,
2350720	2354440	it is the undeniable signature of an artifact, not a new discovery.
2354920	2358860	We see that same failure to isolate variables with Nikolai Khozarev's mirrors.
2359680	2366780	Khozarev was a Soviet astrophysicist who claimed you could mathematically focus time density using massive concave aluminum mirrors.
2367260	2372880	He put biological samples and delicate instruments at the focal point of these mirrors and measured strange anomalous readings.
2372880	2377120	We really have to step back and ask what a concave mirror actually is.
2377780	2380540	It is a highly efficient conventional optical device.
2381100	2388680	It perfectly focuses ambient heat, infrared radiation, light, and even acoustic room vibrations precisely at its focal point.
2388900	2390880	It's just a magnifying glass for room noise.
2391000	2391320	Yes.
2391700	2401040	Of course, a delicate biological sample is going to react strangely when you unknowingly place it in an intense, invisible focal hotspot of ambient room energy.
2401040	2408840	Furthermore, Khozarev circularly defined time density by the very thermal and biological effects it was supposedly causing.
2409340	2414300	It became an unfalsifiable claim resting on a completely mundane optical confound.
2414400	2420120	It's like setting off fireworks in a funhouse full of mirrors, pointing to a weird shadow, and claiming you've discovered a new dimension.
2420820	2423120	And what about Alexander Ternetsky's plasma generator?
2423120	2428340	He claimed his plasma discharge tube became self-sustaining and produced over-unity energy.
2428700	2436340	Ternetsky fell victim to a phenomenon called negative differential resistance, which is incredibly common in gas discharge tubes.
2437120	2442780	A tube of gas takes a massive high-voltage spike to initially ionize and ignite.
2443320	2448580	But once the plasma is established, it can sustain that plasma at a significantly lower voltage.
2448700	2450540	So it takes less juice to keep it going.
2450540	2458240	Right. Ternetsky saw the required voltage dramatically drop on his meters and excitedly called the reaction self-sustaining.
2458460	2459520	But it wasn't unplugged.
2459600	2467580	Exactly. He completely ignored the fact that his biased circuit was still drawing continuous, heavy current from the wall to keep the plasma alive.
2467840	2473120	It is the exact same underlying physics operating inside a mundane neon sign at a diner.
2473500	2477920	Speaking of things that look like magic but are entirely mundane, the lifters.
2477920	2483160	The Bifeld-Brown effect. If you have spent any time on YouTube in the early 2000s, you saw these.
2483200	2484020	Oh, they were everywhere.
2484320	2490240	They are these silent hovering triangles made of balsa wood, tin foil, and thin copper wire.
2491280	2495780	You hook them up to a high-voltage supply and they float in the air with no moving parts.
2496560	2501360	People swore up and down it was electrogravitic propulsion that high-voltage warps gravity.
2501360	2506080	I will admit it is incredibly visually compelling. It looks exactly like silent anti-gravity.
2506500	2513040	But the phenomenon is entirely electrohydrodynamic. It is a well-understood process called ionic wind.
2513360	2514880	Ionic wind. How does that work?
2514880	2521400	The extreme high-voltage ionizes the air molecules immediately surrounding the thin upper wire.
2522020	2527180	Those charged ions are then violently accelerated downward toward the oppositely charged tinfoil skirt.
2527580	2535480	As they speed downward, they collide with thousands of neutral air molecules, transferring their momentum and pushing a massive wash of air downward.
2535680	2537900	So it's pushing air down, which pushes the craft up.
2538000	2542440	By Newton's third law, yes. It is just a highly inefficient solid-state fan.
2542440	2544900	And the ultimate, undeniable proof of this.
2544940	2547980	Toot the lifter inside a vacuum chamber and pump the air out.
2548080	2548980	And it drops like a stone.
2549400	2555220	Exactly. Without an atmospheric medium to ionize and accelerate, there is absolutely zero thrust.
2555520	2558620	It has absolutely no connection to gravity or space-time.
2558900	2569140	So we've walked through flawed measurements, catastrophic misunderstandings of scale, blatant violations of conservation laws, and the psychology of expectation bias.
2569260	2570040	A lot of pitfalls.
2570040	2577120	It is. But what happens when the miraculous device can't even be tested in a vacuum chamber because it's conveniently missing?
2577920	2581720	This brings us to the most seductive part of the entire fringe physics world.
2582280	2583620	The mythology of suppression.
2584240	2586600	The narrative of the persecuted genius.
2586780	2592020	A mythology that centers almost entirely around one historical figure, Nikola Tesla.
2592760	2596060	He has been elevated to a quasi-religious status on the internet.
2596060	2598320	The patron saint of the garage inventor.
2598620	2599640	The legend goes like this.
2600360	2608560	Tesla built the massive Wardenclyffe Tower on Long Island to beam-free, unlimited, unminerable zero-point energy to the entire world.
2609060	2614300	J.P. Morgan, his ruthless financier, panicked because he realized you couldn't put a meter on free energy.
2614460	2614660	Right.
2614820	2620380	So Morgan pulled the funding, destroyed the tower, and suppressed the technology to protect his copper wire monopolies.
2620380	2624040	It is a phenomenal, emotionally resonant story.
2624420	2627780	But the actual historical record is brutally mundane.
2628180	2634700	If you actually read Tesla's patents for Wardenclyffe, he never once claimed to be generating free energy from the vacuum.
2635160	2635500	Really?
2635500	2636760	Never, never.
2637300	2651440	The patents explicitly describe a highly efficient system to transmit conventionally generated electrical power, like the immense power being generated by the Niagara Falls hydroelectric plant, by pumping it into the earth and utilizing the planet's resonant frequencies.
2651960	2655700	It was a transmission scheme, not a free energy source.
2656060	2658820	So why did J.P. Morgan actually pull the plug then?
2659140	2662960	Well, Morgan didn't fund Wardenclyffe to power the world out of charity.
2662960	2671300	He funded it to compete in the highly lucrative race for wireless telegraphy, specifically sending financial messages across the Atlantic Ocean.
2671860	2685660	But while Tesla was endlessly tinkering and building this massive, astronomically expensive tower, a younger rival named Guglielmo Marconi successfully sent a transatlantic radio signal using a system that was infinitely smaller, cheaper, and simpler.
2685880	2687220	Tesla got scientifically scooped.
2687420	2690900	He got scientifically scooped, and he got financially outmaneuvered.
2690900	2700140	J.P. Morgan looked at the ledger, saw that Marconi was achieving the exact crucial goal for a fraction of the cost, and simply stopped throwing good money after bad.
2700620	2705080	It was a ruthless business decision, yes, but it wasn't a physics suppression conspiracy.
2705340	2708700	But what about the teleforce, the famous Tesla death ray?
2709020	2717700	In his later years, Tesla claimed he had invented a directed particle beam that could shoot down 10,000 enemy planes from hundreds of miles away.
2717700	2723040	And when he died in his hotel room in 1943, the U.S. government seized his papers.
2723960	2725880	Surely they hid the blueprints in a vault.
2726300	2729360	The teleforce was, sadly, a tragic press release.
2729900	2733440	As Tesla aged, he fell into deep financial hardship and obscurity.
2733860	2740920	He began making increasingly grandiose theatrical claims to the press on his birthdays just to attract attention and desperately needed funding.
2741340	2743780	He never built a working prototype of the beam.
2743940	2745760	But the government did take his papers.
2745760	2746680	They did.
2747320	2751180	The Office of Alien Property Custodian temporarily impounded his belongings.
2751940	2761300	But that was a completely standard, legally mandated wartime procedure for the estate of a deceased immigrant who possessed advanced technical knowledge during World War II.
2761420	2762920	They were just doing their due diligence.
2763120	2763500	Exactly.
2763980	2767720	And more importantly, those papers were fully returned to his family.
2767720	2773300	They have sat in the archives of the Nikola Tesla Museum in Belgrade for decades.
2773900	2775180	They have been digitized.
2775380	2777900	They are freely available to international scholars.
2778240	2781220	There are no secret death ray blueprints hidden in them.
2781340	2783460	If there were, someone would have built it by now.
2783460	2784840	Logically, yes.
2784840	2797480	If the U.S. military had seized a working death ray in 1943, we really have to ask why no nation on Earth, despite trillions of dollars in defense spending over 80 years, has ever fielded a weapon matching his description.
2797820	2802940	The suppression myth is just so much more exciting than the reality of an aging genius running out of money.
2802940	2806560	And this trope of conveniently destroyed evidence is everywhere.
2807080	2808040	Looks like a T. Henry Murray.
2808260	2810560	Oh, the radiant energy device.
2810940	2811140	Yeah.
2811460	2821340	He claimed he built a radiant energy device in the 1930s that pulled kilowatts of power out of background cosmic rays using a mysterious germanium diode.
2821840	2827740	But we can't test it today because he claimed it was smashed with a hammer by corporate saboteurs in 1939.
2828140	2830760	Let's look at the physics of his claim before we look at the hammer.
2830760	2834260	A germanium diode is an early, primitive semiconductor.
2835100	2838560	It is used to rectify weak, high-frequency radio signals.
2839060	2844060	It cannot physically extract more electrical power than the incoming signal inherently carried.
2844120	2845140	And cosmic rays are weak.
2845280	2845920	Very weak.
2846060	2850700	Background cosmic radiation does exist, but it has an incredibly low energy density.
2851160	2856800	To pull continuous kilowatts of power from background cosmic rays violates basic thermodynamics.
2856800	2860400	It would be like trying to run a hydroelectric dam off the morning dew.
2860400	2860740	Right.
2860940	2865920	But because Moray claimed the machine was smashed and he conveniently never managed to build a second one,
2866080	2870760	the destroyed prototype acts as a permanent shield against independent scientific testing.
2871080	2873780	It places the evidence permanently out of reach.
2874280	2875360	Same with the Papp engine.
2876200	2884400	Joseph Papp claimed he built a revolutionary car engine powered by a sealed secret mixture of noble gases that supposedly never needed refueling.
2884400	2889560	In 1975, he staged this massive public demonstration.
2889560	2895320	He turned the engine on and it violently exploded, killing one observer and injuring several others.
2895820	2899320	And Papp immediately claimed it was corporate sabotage by the oil industry.
2899700	2903680	Noble gases, by their very chemical definition, are inert.
2903680	2904980	They do not combust.
2905680	2912400	To extract massive amounts of kinetic energy out of a sealed volume of noble gases at the temperatures and pressures of a standard engine block,
2912580	2915140	you would require an active nuclear reaction.
2915280	2915980	Which would be obvious.
2916140	2921180	If that had happened, the explosion would have flooded the room with lethal, easily detectable radiation.
2921440	2922240	That did not happen.
2922340	2923560	So what actually blew up?
2923560	2931640	What happened was a catastrophic overpressure failure of an uncertified sealed metal pressure vessel built by a reckless amateur.
2932080	2933840	It wasn't an assassination by big oil.
2934000	2936020	It was just a mundane boiler explosion.
2936020	2940180	And then you step away from the tragedies and you just have the outright grifters.
2941180	2942000	Otis T. Carr.
2942740	2947860	He claimed Nikola Tesla personally taught him the secret of anti-gravity when he was a hotel clerk.
2948020	2948920	Of course he did.
2948920	2956800	He built a whole corporation around the OTC X-1, a supposedly functional flying saucer powered by counter-rotating metal discs.
2957240	2964600	He aggressively sold stock and scheduled a massive, highly publicized public launch at an amusement park in 1959.
2965040	2965920	And what happened?
2966700	2974200	He repeatedly delayed the launch, citing sudden, unspecified technical difficulties before ultimately fleeing the scene and never showing up.
2974400	2978900	Carr was eventually investigated, convicted, and went to federal prison for securities fraud.
2979480	2982460	This is the phenomenon of the ever-receding horizon.
2983080	2986100	The world-changing demonstration is always scheduled for tomorrow.
2986540	2987600	Or Lester Hendershot.
2987600	2993420	He built a fuel-less generator in the 1920s that was so convincing, Charles Lindbergh actually endorsed it.
2993780	2997320	But when skeptical, independent investigators finally got a chance to look inside it,
2997380	3001440	they found his complex magnetic coil was literally just acting as an antenna,
3001920	3007140	picking up powerful local radio broadcasts and converting them to a tiny trickle of electricity.
3007600	3008580	A literal radio?
3008580	3014000	And when he tried to build a later version, they found a small battery secretly wired inside it.
3014120	3016500	Which raises a critical psychological question.
3016940	3023040	Why do these suppression stories survive and flourish for decades when the mundane, documented truth,
3023200	3026920	like fraud, radio interference, financial ruin, boiler explosions,
3026920	3030880	is right there in the historical record for anyone to read?
3030880	3035920	I really think it's because a suppression narrative is deeply psychologically comforting to believers.
3036640	3041100	It explains absolute failure through grand romantic villainy.
3041300	3044300	It is much sexier and more ego-protecting to say,
3044660	3048040	the men in black destroyed my world-changing machine than it is to say,
3048220	3052240	I forgot to carry the one in my math equation, or I accidentally built a radio.
3052240	3057780	It takes the very absence of evidence and flips it, making the absence itself the absolute proof of the conspiracy.
3057780	3059480	That is exactly the mechanism.
3059480	3062120	The lack of proof becomes the ultimate proof.
3062120	3066260	Which brings us to the ultimate, extreme extension of the suppression myth.
3066940	3071940	If human physics can't explain the device, and human governments are allegedly hiding the device,
3072380	3074540	maybe alien physics can't explain it.
3074920	3081180	We are now entering the territory of space aliens, secret agendas, and formalizing the untestable.
3081180	3084660	We really have to address the UFO reverse engineering narrative.
3085080	3089920	This was primarily popularized by Philip Corso's claims regarding the Roswell crash.
3090340	3095900	The overarching narrative is that modern miracles like Kevlar, fiber optics, and integrated circuits
3095900	3101680	were not invented by humans, but were reverse engineered from crashed extraterrestrial saucers.
3101940	3105660	As someone who loves history, I find this incredibly insulting to human engineers.
3105660	3111020	It is a staggering erasure of highly documented, decades-long human research and development.
3111540	3114560	For every one of those technologies, we possess the lab notes.
3114980	3120600	We have the iterative failures, the incremental hard-fought breakthroughs made by named human beings
3120600	3123040	at institutions like Bell Labs and DuPont.
3123140	3123860	We did the work.
3124100	3124800	We did the work.
3125340	3129940	Retroactively claiming it was alien technology is an unfalsifiable claim by design.
3129940	3135100	You logically cannot prove that the government isn't hiding an alien saucer in an underground bunker,
3135300	3137820	so the conspiracy loop permanently seals itself.
3138080	3138900	And what about Bob Lazar?
3138900	3143360	He is the man who single-handedly put Area 51 on the cultural map.
3144220	3149620	In 1989, he claimed he was hired to work on captured alien saucers at a secret base called S-4.
3150160	3154200	He said the ships were powered by a stable, super-heavy element called Element 115,
3154700	3157900	which was bombarded with protons to generate gravity waves.
3158360	3160640	Lazar's story was perfectly timed for 1989.
3161380	3165000	The problem for Lazar is that humanity eventually caught up to his science fiction.
3165000	3169360	Physicists actually synthesized Element 115 in 2003.
3169940	3172300	We officially named it Moscovium.
3172880	3173740	And how did it behave?
3174560	3177980	It is intensely, violently radioactive and unstable.
3178200	3180060	It decays in a matter of milliseconds.
3180560	3186460	It is absolutely not the stable, machinable, handleable reactor fuel that Lazar's narrative strictly requires.
3186460	3187860	And what about the gravity waves?
3188100	3189500	Because we discovered those recently, too.
3189500	3191700	We did, using the LIGO observatories.
3192280	3195280	And what we learned is that gravity waves are incredibly weak,
3195620	3199620	transient ripples in space-time caused by the most violent events in the cosmos,
3199820	3201220	like two black holes colliding.
3201580	3206140	They carry energy, but they do not exert localized, continuous thrust.
3206500	3210000	They are entirely useless for propulsion at the scale of a spacecraft.
3210680	3215700	But people want to believe so badly that they will fit any anomaly into the alien box.
3215700	3219320	Look at the Kecksburg UFO incident in 1965.
3220240	3223620	An acorn-shaped metallic object crashes in the Pennsylvania woods.
3224140	3229320	The military immediately swoops in, cordons off the area, and hauls it away on a flatbed truck.
3229460	3229700	Boom.
3230080	3231320	It's a covered-up alien craft.
3231440	3238320	Except the fireball in the sky perfectly matched the exact trajectory, velocity, and timing of the Soviet Cosmos 96 satellite,
3238680	3242860	which had failed and was due to re-enter the atmosphere over North America that very night.
3243280	3244260	And the acorn shape.
3244260	3248640	The mysterious acorn shape that witnesses described is the standard, highly engineered,
3248800	3252920	aerodynamic profile for 1960s-era Soviet re-entry heat shields.
3253200	3256560	It was highly classified foreign space debris, not an alien scout ship.
3256900	3257820	Or Dieglock.
3258240	3259520	The infamous Nazi bell.
3260100	3266960	An alleged World War II superweapon made of heavy rotating mercury that warped time and generated anti-gravity,
3267400	3269200	supposedly hidden in a Polish mind.
3269200	3274240	Dieglock rests entirely on the claims of a single Polish author, Igor Witkowski.
3274740	3281200	He claimed in the late 1990s that he was shown a secret interrogation transcript by an unnamed intelligence officer.
3281760	3283700	However, he wasn't allowed to make a copy.
3284120	3285080	He didn't keep the document.
3285580	3287360	And he cannot produce the officer.
3287360	3288540	So there's no evidence.
3288980	3296840	In the massively, exhaustively documented history of Nazi secret weapons, the V-2 rockets, the jet fighters, the nuclear program,
3297060	3299940	there's absolutely zero corroborating evidence for the bell.
3300520	3304380	It is a modern ghost story built on the aesthetic of rotating conductive fluids,
3304900	3308220	which standard physics rigorously tells us do not produce anti-gravity.
3308220	3311000	But wait, believers always point to the government paper trails.
3311640	3313220	What about the famous Wilbert Smith memo?
3313660	3320920	He was a Canadian government official who wrote a memo in 1950 stating that UFOs were the most highly classified subject in the United States government,
3321120	3322440	higher even than the H-bomb.
3322660	3323820	That is a real piece of paper.
3324040	3328000	The piece of paper is real, but its context is wildly misrepresented.
3328820	3334540	That memo was simply Smith summarizing his own private informal chat with an unnamed American official.
3334540	3339380	It was not a confirmed official government finding or a policy document.
3339900	3344460	In fact, Smith went on to run his own Canadian research program, Project Magnet,
3344540	3349480	which spent years flying around trying to detect anomalous magnetic fields from UFOs.
3349540	3350380	Did they find anything?
3350600	3354540	They found absolutely nothing, and the Canadian government quietly shut the program down.
3354580	3356640	Or Boeing's grass pea program.
3356840	3362800	In the early 2000s, documents leaked showing that Boeing, one of the biggest aerospace contractors on Earth,
3362800	3365300	was actively looking into anti-gravity.
3365440	3367240	Gresenpree was a feasibility study.
3367640	3374880	Large, multi-billion dollar aerospace companies routinely scout fringe technologies as a matter of due diligence hedging.
3375380	3377420	They tasked a few engineers to look at the math.
3377820	3382120	They looked at the claims, realized there was no physical mechanism or experimental evidence,
3382120	3386580	and quietly closed the study without publishing a single patent or peer-reviewed paper.
3387160	3391180	Conducting a preliminary feasibility study is not a scientific confirmation of the physics.
3391180	3395060	Which perfectly brings us back to Salvatore Pace and his U.S. Navy patents.
3395360	3397120	This always trips people up.
3397500	3401900	Are you telling me that the United States government will officially file and grant a patent
3401900	3408380	for a theoretical warp drive just to call dibs in case it ever accidentally turns out to be real?
3408640	3409040	Yes.
3409460	3412020	That is exactly documentably what happened.
3412220	3417300	Internal U.S. Navy correspondence regarding the PANAS patents obtained via the Freedom of Information Act
3417300	3423480	explicitly admits that the Navy's chief scientists had not verified Pace's inertial mass reduction physics.
3424040	3430660	They actively pushed the patents through the patent office as a strategic legal hedge against Chinese aerospace advancements.
3430900	3432220	They literally called dibs.
3432280	3433280	It is a legal maneuver.
3433680	3436100	And we really have to understand what a patent actually is.
3436100	3440380	Patent examiners certify that an idea is novel, meaning nobody has submitted it before,
3440380	3443580	and that the paperwork is technically enabled and filled out correctly.
3444100	3448940	They do not build a prototype of the machine in the patent office to see if it violates thermodynamics.
3449560	3451420	A patent is a legal claim to an idea.
3451620	3453840	It is not a scientific confirmation of reality.
3454200	3457720	It's like George Adamski, the famous 1950s UFO contactee.
3457720	3461700	He claimed to have met blonde Venusians and photographed their scout ship.
3461700	3471420	And the landing gear on his incredibly clear photograph of an alien ship perfectly dimensionally matched a 1950s commercial chicken brooder heat lamp.
3471720	3475140	He literally took a picture of agricultural equipment and called it a UFO.
3475360	3475780	He did.
3475780	3484380	It perfectly summarizes the profound danger of taking claims or photographs or patents at face value without interrogating the underlying reality.
3484380	3484900	Okay.
3485560	3490260	As we reach the absolute bottom of Flyxion's dossier, we leave the garage inventors behind.
3490680	3499360	We face the grand, overarching mathematical theories, frameworks so incredibly vast that they claim to explain everything in the universe and therefore practically explain nothing.
3499840	3505120	This brings us to mathematical castles in the sky and the author's ultimate framework in tropic gravity.
3505120	3517420	This is where we encounter incredibly dense theoretical models like torsion fields, which were heavily promoted by Russian physicists Gennady Shipov and Anatoly Akamov in the 1990s.
3517540	3528820	They took a real, incredibly subtle mathematical concept from differential geometry, torsion, which describes the twisting of a geometric space, and claimed it was a physical field generated by spinning matter.
3528820	3536520	They claimed this field could transmit complex information instantly across the universe without transferring any actual energy.
3536600	3542180	Wait, stop. If a field transfers absolute zero energy, how can a scientist possibly measure it?
3542200	3544000	You can't. That is the fatal flaw.
3544480	3550300	If a field transfers zero energy, it physically cannot interact with any detector, biological, or mechanical.
3550620	3552820	It is, by definition, utterly untestable.
3552820	3559060	Shippov built a massive, mathematically complex, seven-dimensional framework to support this.
3559080	3559540	Seven-dimensional?
3559740	3560040	Yes.
3560720	3573240	But a mathematical framework that is so flexible it can supposedly explain gravity control, telepathy, homeopathy, and instantaneous communication all at once is actually scientifically useless.
3573800	3577820	If a theory doesn't explicitly rule anything out, it doesn't predict anything either.
3577820	3583640	It ceases to be physics and becomes a vocabulary retrofitted to whatever miracle you want it to be.
3584000	3589160	We see that exact same theoretical overreach with Randall, Mills, and his company, Brilliant Light Power.
3589680	3598540	He claims he has discovered the hydrino, a state of hydrogen where the electron supposedly drops below its fundamental ground state, providing endless clean energy.
3598920	3603040	The ground state of a hydrogen atom isn't just an empirical floor you can dig under with a shovel.
3603460	3607060	It is a hard boundary condition dictated by the Schrodinger equation.
3607060	3618400	Lowering the electron below the ground state is a mathematical impossibility, unless you are prepared to throw out the entirety of quantum mechanics, a theory that has been confirmed to billions of decimal points by modern technology.
3618560	3620600	And have they ever produced a working device?
3620960	3621280	Indeed.
3621420	3630280	After 30 years and hundreds of millions of dollars in private funding, Mills' company has never produced a commercially available, independently verified device.
3630280	3631520	Or Thomas Bearden.
3632020	3641440	He wrote endless books on scalar electromagnetics, claiming Soviet scalar weapons were secretly causing earthquakes, and even triggered the Chernobyl disaster.
3642040	3649720	Bearden constructed his entire worldview by misinterpreting a standard mathematical tool called gauge freedom in Maxwell's equations.
3649720	3658180	In physics, gauge freedom is essentially a mathematical redundancy, a way to simplify the equations without changing the physical reality.
3658800	3663640	Bearden treated this mathematical redundancy as if it were a hidden, physical, weaponized field.
3664100	3668980	It is a fundamental misunderstanding of gauge theory, basically confusing the map for the territory.
3668980	3673840	And this is where the author of our dossier, Affliction, does something genuinely remarkable.
3674260	3678880	After spending hundreds of pages dismantling everyone else, they turn their critical eye inward.
3679320	3684500	They aggressively, meticulously debunk their own speculative ideas to prove that their rigor is symmetric.
3684500	3692140	This is the philosophical climax of the document, and it's what separates a true scientific mindset from a believer's mindset.
3692660	3695260	True scientific rigor must be applied symmetrically.
3695660	3701260	You must be as absolutely brutal with your own cherished daydreams as you are with a grifter's schematic.
3701660	3703940	Let me walk through a few of these because they are wild.
3704520	3707420	Affliction proposed a magnetic floor to propel a spaceship.
3708000	3710000	They run the math and they debunk it themselves.
3710000	3717360	They realize it violates Newton's third law of closed system momentum, making it identical to the failed Dean drive.
3717700	3717740	Right.
3718060	3721540	They proposed a future economy based on advanced mercury batteries.
3721980	3723760	They audit the idea and debunk it.
3724340	3729860	Mercury is horribly toxic, globally banned, and has terrible energy density compared to modern lithium.
3730480	3737500	They even proposed replacing human skeletons with lightweight metal injected with high-pressure helium to make us buoyant and able to fly.
3737500	3742480	And they dismantled that idea with a devastatingly basic magnitude check.
3743100	3749680	To lift a human body in atmospheric air, you need roughly a cubic meter of helium per kilogram of mass.
3750020	3755800	The tiny volume available inside a human skeleton wouldn't even offset a fraction of a percent of your body weight,
3756120	3760360	let alone justifying the biological nightmare of surgically removing all your bone marrow.
3760560	3766260	The only speculative idea of theirs that actually survives the self-audit is the solar O-Birth slingshot.
3766260	3773680	It's the idea of doing a massive propulsive rocket burn incredibly close to the sun to gain massive exit speed.
3774120	3779500	But even then, they humbly admit it's just solid aerospace math misapplied to interstellar distances.
3779920	3784720	It would only get you to the outer edge of our solar system, not to Alpha Centauri in a human lifetime.
3784720	3788080	But across all of these critiques, both of themselves and others,
3788500	3794060	Flyxion uses a specific unifying theoretical lens to explain why gravity cannot be tamed.
3794460	3796040	They call it entropic gravity.
3796200	3799020	Okay, we've teased this all episode, well, all deep dive.
3799240	3800740	Unpack entropic gravity for me.
3800820	3804560	Entropic gravity proposes a radical shift in how we view the force.
3805380	3809680	It suggests that gravity is not a fundamental local interaction like a magnetic field.
3809680	3816880	You cannot just flip a switch with a spinning permanent magnet like David Hamill or Edward Leedskalnin at Coral Castle claimed to do
3816880	3819900	and turn gravity off in a localized bubble.
3820700	3824300	Instead, gravity is an emergent macroscopic phenomenon.
3825100	3828760	It is the geometric bookkeeping of highly ordered configurations of mass
3828760	3832260	and the massive redistribution of entropy across the universe.
3832460	3833620	I really love this framing.
3833620	3837300	If gravity is the macroeconomic GDP of the universe,
3837780	3840760	these garage inventors are trying to crash the global economy
3840760	3843860	by passing a single counterfeit penny in their basement.
3844100	3845880	That is a brilliant way to conceptualize it.
3846240	3849540	An electrical capacitor on a workbench, a spinning steel ball in a cup,
3849660	3852260	a microwave cavity bouncing a few watts of power.
3852740	3858640	These systems are simply too small by cosmologically vast orders of magnitude to ever touch that ledger.
3858720	3859900	It's just a drop in the ocean.
3860260	3861020	Not even a drop.
3861020	3866140	The mass energy redistribution required to warp space-time and manipulate gravity is planetary.
3866720	3867360	It is stellar.
3867740	3872120	You absolutely cannot access that ledger with a benchtop apparatus plugged into a wall socket.
3872660	3875760	Gravity doesn't have a local off switch because it is not a circuit.
3875960	3878920	It is the fundamental accounting system of the cosmos itself.
3879180	3879560	Wow.
3880140	3882260	Okay, we have covered a staggering amount of ground today.
3882460	3887460	We have traversed from the mundane, everyday reality of dead batteries and uncalibrated volt meters
3887460	3890580	all the way to the wild heights of chicken-lamp spaceships.
3890580	3893840	We have dismantled the tragic myth of the suppressed genius.
3894380	3898600	We have seen how pure expectation bias creates literal glowing illusions in the dark.
3899000	3904960	And we have proven that the universe's conservation laws remain gloriously mathematically undefeated.
3904960	3917420	If we take one overarching lesson away from this entire dossier, it is that the immense gap between a compelling, romantic story and cold physical reality is bridged by one thing, strict, unyielding methodology.
3917420	3924440	So I want to leave you with a final provocative thought, building directly on that beautiful idea of entropic gravity we just discussed.
3925180	3933140	If gravity is simply the universe's macroscopic bookkeeping of entropy, the universe's relentless, unstoppable drive toward disorder and chaos,
3933480	3938780	then the true free energy miracle isn't a secret zero-point machine hidden in a government vault.
3938780	3940280	It's you.
3940500	3940860	Yes.
3940860	3954300	The fact that you, a human being, a highly localized, impossibly odored biological configuration, can actively resist the pull of entropy, maintain your cellular structure, and consciously observe the universe for decades,
3954300	3958500	that is the most profound anti-entropic phenomena we will ever encounter.
3959200	3962600	And the best part, it operates entirely within the laws of physics.
3963300	3965340	The miracle isn't a human walking through a brick wall.
3965720	3969580	The miracle is the structural integrity of the human hand reeking out to touch it.
3969840	3970520	Beautifully said.
3970780	3971680	So keep questioning.
3971980	3972560	Keep testing.
3973400	3979060	Remember that usually when we talk about a scientific measurement, the expectation of precision is there for a reason.
3979060	3986680	Because the truth is often less about finding magic in the murkiness, and much more about just sitting down, blinding the experiment, and doing the math.
3987560	3989180	Until next time, stay curious.
